dogadjaj_id,predmet,tip,trajanje_sati,trajanje_minuta,nastavnik,smjerovi,ciklus,semestar,godina,broj_studenata,treba_lab,grupa
D0001,Aktuarska matematika,AV,2,120,Senada Kalabušić,Primijenjena matematika,Bachelor,5,III godina,5,0,G1
D0002,Aktuarska matematika,P,2,120,Senada Kalabušić,Primijenjena matematika,Bachelor,5,III godina,5,0,G1
D0003,Algebarski računarski paketi,LV,2,120,Emin Bešo,Nastavnički smjer (matematika) | Opći smjer | Primijenjena matematika,Bachelor,3,II godina,20,1,G1
D0004,Algebarski računarski paketi,P,2,120,Emin Bešo,Nastavnički smjer (matematika) | Opći smjer | Primijenjena matematika,Bachelor,3,II godina,20,0,G1
D0005,Algebra I,AV,3,180,Aleksandar Balašev-Samarski,Nastavnički smjer (matematika i informatika) | Nastavnički smjer (matematika) | Opći smjer | Primijenjena matematika,Bachelor,5,III godina,22,0,G1
D0006,Algebra I,P,3,180,Manuela Muzika Dizdarević,Nastavnički smjer (matematika i informatika) | Nastavnički smjer (matematika) | Opći smjer | Primijenjena matematika,Bachelor,5,III godina,22,0,G1
D0007,Algebra II,AV,3,180,Aleksandar Balašev-Samarski,Nastavnički smjer (matematika i informatika) | Nastavnički smjer (matematika) | Opći smjer,Bachelor,6,III godina,17,0,G1
D0008,Algebra II,P,3,180,Manuela Muzika Dizdarević,Nastavnički smjer (matematika i informatika) | Nastavnički smjer (matematika) | Opći smjer,Bachelor,6,III godina,17,0,G1
D0009,Algebra za kompjuterske nauke,AV,2,120,Vedad Letić,Kompjuterske nauke,Bachelor,4,II godina,40,0,G1
D0010,Algebra za kompjuterske nauke,P,3,180,Amela Muratović-Ribić,Kompjuterske nauke,Bachelor,4,II godina,40,0,G1
D0011,Analitička geometrija,AV,2,120,Ines Alagić,Kompjuterske nauke | Nastavnički smjer (matematika i informatika) | Nastavnički smjer (matematika) | Opći smjer | Primijenjena matematika,Bachelor,2,I godina,150,0,G1
D0012,Analitička geometrija,P,2,120,Almasa Odžak,Kompjuterske nauke | Nastavnički smjer (matematika i informatika) | Nastavnički smjer (matematika) | Opći smjer | Primijenjena matematika,Bachelor,2,I godina,150,0,G1
D0013,Analiza I,AV,2,120,Džana Drino,Kompjuterske nauke | Nastavnički smjer (matematika i informatika) | Nastavnički smjer (matematika) | Opći smjer | Primijenjena matematika,Bachelor,1,I godina,150,0,G1
D0014,Analiza I,AV,2,120,Džana Drino,Kompjuterske nauke | Nastavnički smjer (matematika i informatika) | Nastavnički smjer (matematika) | Opći smjer | Primijenjena matematika,Bachelor,1,I godina,150,0,G1
D0015,Analiza I,P,2,120,Dženan Gušić,Kompjuterske nauke | Nastavnički smjer (matematika i informatika) | Nastavnički smjer (matematika) | Opći smjer | Primijenjena matematika,Bachelor,1,I godina,150,0,G1
D0016,Analiza I,P,2,120,Dženan Gušić,Kompjuterske nauke | Nastavnički smjer (matematika i informatika) | Nastavnički smjer (matematika) | Opći smjer | Primijenjena matematika,Bachelor,1,I godina,150,0,G1
D0017,Analiza II,AV,2,120,Mirza Čvorak,Kompjuterske nauke | Nastavnički smjer (matematika i informatika) | Nastavnički smjer (matematika) | Opći smjer | Primijenjena matematika,Bachelor,2,I godina,150,0,G1
D0018,Analiza II,AV,2,120,Mirza Čvorak,Kompjuterske nauke | Nastavnički smjer (matematika i informatika) | Nastavnički smjer (matematika) | Opći smjer | Primijenjena matematika,Bachelor,2,I godina,150,0,G1
D0019,Analiza II,P,2,120,Nacima Memić,Kompjuterske nauke | Nastavnički smjer (matematika i informatika) | Nastavnički smjer (matematika) | Opći smjer | Primijenjena matematika,Bachelor,2,I godina,150,0,G1
D0020,Analiza II,P,2,120,Nacima Memić,Kompjuterske nauke | Nastavnički smjer (matematika i informatika) | Nastavnički smjer (matematika) | Opći smjer | Primijenjena matematika,Bachelor,2,I godina,150,0,G1
D0021,Analiza III,AV,3,180,Medina Zubača,Nastavnički smjer (matematika i informatika) | Nastavnički smjer (matematika) | Opći smjer | Primijenjena matematika,Bachelor,3,II godina,27,0,G1
D0022,Analiza III,P,2,120,Almasa Odžak,Nastavnički smjer (matematika i informatika) | Nastavnički smjer (matematika) | Opći smjer | Primijenjena matematika,Bachelor,3,II godina,27,0,G1
D0023,Analiza III,P,2,120,Almasa Odžak,Nastavnički smjer (matematika i informatika) | Nastavnički smjer (matematika) | Opći smjer | Primijenjena matematika,Bachelor,3,II godina,27,0,G1
D0024,Analiza IV,AV,3,180,Nacima Memić,Opći smjer,Bachelor,5,III godina,4,0,G1
D0025,Analiza IV,P,3,180,Nacima Memić,Opći smjer,Bachelor,5,III godina,4,0,G1
D0026,Analiza IV,AV,3,180,Nacima Memić,Nastavnički smjer (matematika i informatika) | Nastavnički smjer (matematika),Master,1,I godina,19,0,G1
D0027,Analiza IV,P,3,180,Nacima Memić,Nastavnički smjer (matematika i informatika) | Nastavnički smjer (matematika),Master,1,I godina,19,0,G1
D0028,Analiza i sinteza algoritama,LV,2,120,Admir Beširević,Kompjuterske nauke,Bachelor,5,III godina,20,1,G1
D0029,Analiza i sinteza algoritama,P,3,180,Esmir Pilav,Kompjuterske nauke,Bachelor,5,III godina,20,0,G1
D0030,Baze podataka,AV,2,120,Aleksandar Balašev-Samarski,Kompjuterske nauke | Nastavnički smjer (matematika i informatika) | Opći smjer | Primijenjena matematika,Bachelor,5,III godina,35,0,G1
D0031,Baze podataka,P,3,180,Adis Alihodžić,Kompjuterske nauke | Nastavnički smjer (matematika i informatika) | Opći smjer | Primijenjena matematika,Bachelor,5,III godina,35,0,G1
D0032,Baze podataka,AV,2,120,Aleksandar Balašev-Samarski,Nastavnički smjer (matematika),Master,1,I godina,11,0,G1
D0033,Baze podataka,P,3,180,Adis Alihodžić,Nastavnički smjer (matematika),Master,1,I godina,11,0,G1
D0034,Didaktika,AV,1,60,Hasnija Nurković,Nastavnički smjer (matematika i informatika) | Nastavnički smjer (matematika),Bachelor,4,II godina,16,0,G1
D0035,Didaktika,P,2,120,Hasnija Nurković,Nastavnički smjer (matematika i informatika) | Nastavnički smjer (matematika),Bachelor,4,II godina,16,0,G1
D0036,Diferencijalne jednadžbe,AV,2,120,Emin Bešo,Kompjuterske nauke | Nastavnički smjer (matematika i informatika) | Nastavnički smjer (matematika) | Opći smjer | Primijenjena matematika,Bachelor,3,II godina,67,0,G1
D0037,Diferencijalne jednadžbe,P,3,180,Senada Kalabušić,Kompjuterske nauke | Nastavnički smjer (matematika i informatika) | Nastavnički smjer (matematika) | Opći smjer | Primijenjena matematika,Bachelor,3,II godina,67,0,G1
D0038,Diferentne jednadžbe i diskretni dinamički sistemi,AV,2,120,Senada Kalabušić,Primijenjena matematika,Master,1,I godina,8,0,G1
D0039,Diferentne jednadžbe i diskretni dinamički sistemi,P,3,180,Senada Kalabušić,Primijenjena matematika,Master,1,I godina,8,0,G1
D0040,Diferentne jednadžbe i diskretni dinamički sistemi,AV,2,120,Senada Kalabušić,Nastavnički smjer (matematika i informatika) | Nastavnički smjer (matematika),Master,3,II godina,10,0,G1
D0041,Diferentne jednadžbe i diskretni dinamički sistemi,P,3,180,Senada Kalabušić,Nastavnički smjer (matematika i informatika) | Nastavnički smjer (matematika),Master,3,II godina,10,0,G1
D0042,Dinamički web sistemi,LV,2,120,Skopljaković Selma,Kompjuterske nauke | Nastavnički smjer (matematika i informatika),Bachelor,6,III godina,26,1,G1
D0043,Dinamički web sistemi,P,2,120,Sead Delalić,Kompjuterske nauke | Nastavnički smjer (matematika i informatika),Bachelor,6,III godina,26,0,G1
D0044,Diskretna matematika,AV,2,120,Franjo Šarčević,Nastavnički smjer (matematika) | Opći smjer,Bachelor,2,I godina,20,0,G1
D0045,Diskretna matematika,P,2,120,Damir Hasić,Nastavnički smjer (matematika) | Opći smjer,Bachelor,2,I godina,20,0,G1
D0046,Dokimologija,P,2,120,Hasnija Nurković,Nastavnički smjer (matematika i informatika) | Nastavnički smjer (matematika),Bachelor,5,III godina,13,0,G1
D0047,Elementarna matematika,AV,2,120,Džana Drino,Kompjuterske nauke | Nastavnički smjer (matematika i informatika) | Nastavnički smjer (matematika) | Opći smjer | Primijenjena matematika,Bachelor,1,I godina,150,0,G1
D0048,Elementarna matematika,P,2,120,Dina Kamber Hamzić,Kompjuterske nauke | Nastavnički smjer (matematika i informatika) | Nastavnički smjer (matematika) | Opći smjer | Primijenjena matematika,Bachelor,1,I godina,150,0,G1
D0049,Elementarna teorija brojeva,AV,2,120,Medina Zubača,Kompjuterske nauke | Nastavnički smjer (matematika i informatika) | Nastavnički smjer (matematika) | Opći smjer | Primijenjena matematika,Bachelor,2,I godina,150,0,G1
D0050,Elementarna teorija brojeva,P,2,120,Almasa Odžak,Kompjuterske nauke | Nastavnički smjer (matematika i informatika) | Nastavnički smjer (matematika) | Opći smjer | Primijenjena matematika,Bachelor,2,I godina,150,0,G1
D0051,Engleski jezik,AV,2,120,Nadira Aljović,Kompjuterske nauke | Nastavnički smjer (matematika) | Opći smjer | Primijenjena matematika,Bachelor,4,II godina,60,0,G1
D0052,Engleski jezik,P,2,120,Nadira Aljović,Kompjuterske nauke | Nastavnički smjer (matematika) | Opći smjer | Primijenjena matematika,Bachelor,4,II godina,60,0,G1
D0053,Finansijska matematika,AV,2,120,Senada Kalabušić,Primijenjena matematika,Bachelor,4,II godina,6,0,G1
D0054,Finansijska matematika,P,2,120,Senada Kalabušić,Primijenjena matematika,Bachelor,4,II godina,6,0,G1
D0055,Fourierova transformacija i waveleti,AV,2,120,Zenan Šabanac,Primijenjena matematika,Master,1,I godina,8,0,G1
D0056,Fourierova transformacija i waveleti,P,3,180,Zenan Šabanac,Primijenjena matematika,Master,1,I godina,8,0,G1
D0057,Fourierova transformacija i waveleti,AV,2,120,Zenan Šabanac,Nastavnički smjer (matematika i informatika) | Nastavnički smjer (matematika),Master,3,II godina,10,0,G1
D0058,Fourierova transformacija i waveleti,P,3,180,Zenan Šabanac,Nastavnički smjer (matematika i informatika) | Nastavnički smjer (matematika),Master,3,II godina,10,0,G1
D0059,Funkcionalna analiza,AV,2,120,Nacima Memić,Opći smjer | Primijenjena matematika,Master,2,I godina,14,0,G1
D0060,Funkcionalna analiza,P,3,180,Nacima Memić,Opći smjer | Primijenjena matematika,Master,2,I godina,14,0,G1
D0061,Geometrija I,AV,2,120,Mirza Čvorak,Nastavnički smjer (matematika i informatika) | Nastavnički smjer (matematika) | Opći smjer | Primijenjena matematika,Bachelor,4,II godina,27,0,G1
D0062,Geometrija I,P,3,180,Franjo Šarčević,Nastavnički smjer (matematika i informatika) | Nastavnički smjer (matematika) | Opći smjer | Primijenjena matematika,Bachelor,4,II godina,27,0,G1
D0063,Geometrija II,AV,2,120,Mirza Čvorak,Nastavnički smjer (matematika) | Opći smjer,Bachelor,5,III godina,11,0,G1
D0064,Geometrija II,P,2,120,Manuela Muzika Dizdarević,Nastavnički smjer (matematika) | Opći smjer,Bachelor,5,III godina,11,0,G1
D0065,Geometrija II,AV,2,120,Mirza Čvorak,Nastavnički smjer (matematika i informatika),Master,1,I godina,8,0,G1
D0066,Geometrija II,P,2,120,Manuela Muzika Dizdarević,Nastavnički smjer (matematika i informatika),Master,1,I godina,8,0,G1
D0067,Historija matematike,P,2,120,Franjo Šarčević,Opći smjer,Bachelor,5,III godina,4,0,G1
D0068,Historija matematike,P,2,120,Franjo Šarčević,Nastavnički smjer (matematika i informatika) | Nastavnički smjer (matematika),Master,3,II godina,10,0,G1
D0069,Inkluzivno obrazovanje,AV,1,60,Hasnija Nurković,Nastavnički smjer (matematika i informatika) | Nastavnički smjer (matematika),Master,2,I godina,19,0,G1
D0070,Inkluzivno obrazovanje,P,2,120,Hasnija Nurković,Nastavnički smjer (matematika i informatika) | Nastavnički smjer (matematika),Master,2,I godina,19,0,G1
D0071,Integralne transformacije sa primjenama,AV,2,120,Medina Zubača,Nastavnički smjer (matematika i informatika) | Nastavnički smjer (matematika) | Opći smjer | Primijenjena matematika,Master,3,II godina,17,0,G1
D0072,Integralne transformacije sa primjenama,P,3,180,Medina Zubača,Nastavnički smjer (matematika i informatika) | Nastavnički smjer (matematika) | Opći smjer | Primijenjena matematika,Master,3,II godina,17,0,G1
D0073,Kombinatorika,AV,2,120,Adisa Bolić,Kompjuterske nauke | Nastavnički smjer (matematika i informatika) | Opći smjer | Primijenjena matematika,Bachelor,4,II godina,58,0,G1
D0074,Kombinatorika,P,2,120,Amela Muratović-Ribić,Kompjuterske nauke | Nastavnički smjer (matematika i informatika) | Opći smjer | Primijenjena matematika,Bachelor,4,II godina,58,0,G1
D0075,Komparativna analiza programskih jezika,LV,2,120,Adisa Bolić,Kompjuterske nauke,Bachelor,6,III godina,20,1,G1
D0076,Komparativna analiza programskih jezika,P,3,180,Elmedin Selmanović,Kompjuterske nauke,Bachelor,6,III godina,20,0,G1
D0077,Kompjutaciona geometrija,LV,2,120,Aleksandar Balašev-Samarski,Kompjuterske nauke,Master,1,I godina,15,1,G1
D0078,Kompjutaciona geometrija,P,3,180,Adis Alihodžić,Kompjuterske nauke,Master,1,I godina,15,0,G1
D0079,Kompjuterska grafika,LV,2,120,Elmedin Selmanović,Kompjuterske nauke,Master,2,I godina,15,1,G1
D0080,Kompjuterska grafika,P,3,180,Elmedin Selmanović,Kompjuterske nauke,Master,2,I godina,15,0,G1
D0081,Kompjuterska vizija,LV,2,120,Admir Beširević,Kompjuterske nauke,Master,3,II godina,8,1,G1
D0082,Kompjuterska vizija,P,3,180,Elmedin Selmanović,Kompjuterske nauke,Master,3,II godina,8,0,G1
D0083,Kompleksna analiza I,AV,3,180,Džana Drino,Nastavnički smjer (matematika i informatika) | Nastavnički smjer (matematika) | Opći smjer | Primijenjena matematika,Bachelor,5,III godina,22,0,G1
D0084,Kompleksna analiza I,P,3,180,Lejla Smajlović,Nastavnički smjer (matematika i informatika) | Nastavnički smjer (matematika) | Opći smjer | Primijenjena matematika,Bachelor,5,III godina,22,0,G1
D0085,Kompleksna analiza II,AV,2,120,Lejla Smajlović,Opći smjer,Bachelor,6,III godina,4,0,G1
D0086,Kompleksna analiza II,P,2,120,Lejla Smajlović,Opći smjer,Bachelor,6,III godina,4,0,G1
D0087,Kriptologija,P,3,180,Amela Muratović-Ribić,Kompjuterske nauke,Bachelor,3,II godina,40,0,G1
D0088,Kriptologija,P,3,180,Amela Muratović-Ribić,Nastavnički smjer (matematika i informatika) | Opći smjer | Primijenjena matematika,Bachelor,5,III godina,15,0,G1
D0089,Kvalitativna analiza diferencijalnih jednadžbi,AV,2,120,Senada Kalabušić,Primijenjena matematika,Master,2,I godina,8,0,G1
D0090,Kvalitativna analiza diferencijalnih jednadžbi,P,3,180,Senada Kalabušić,Primijenjena matematika,Master,2,I godina,8,0,G1
D0091,Linearna algebra,AV,2,120,Aleksandar Balašev-Samarski,Kompjuterske nauke,Bachelor,2,I godina,105,0,G1
D0092,Linearna algebra,P,3,180,Amil Pečenković,Kompjuterske nauke,Bachelor,2,I godina,105,0,G1
D0093,Linearna algebra I,AV,2,120,Aleksandar Balašev-Samarski,Nastavnički smjer (matematika i informatika) | Nastavnički smjer (matematika) | Opći smjer | Primijenjena matematika,Bachelor,1,I godina,45,0,G1
D0094,Linearna algebra I,P,3,180,Amela Muratović-Ribić,Nastavnički smjer (matematika i informatika) | Nastavnički smjer (matematika) | Opći smjer | Primijenjena matematika,Bachelor,1,I godina,45,0,G1
D0095,Linearna algebra II,AV,2,120,Džana Drino,Nastavnički smjer (matematika i informatika) | Nastavnički smjer (matematika) | Opći smjer | Primijenjena matematika,Bachelor,2,I godina,45,0,G1
D0096,Linearna algebra II,P,3,180,Manuela Muzika Dizdarević,Nastavnički smjer (matematika i informatika) | Nastavnički smjer (matematika) | Opći smjer | Primijenjena matematika,Bachelor,2,I godina,45,0,G1
D0097,Matematičke metode u obradi i analizi digitalnih slika,LV,2,120,Adis Alihodžić,Kompjuterske nauke,Master,2,I godina,15,1,G1
D0098,Matematičke metode u obradi i analizi digitalnih slika,P,3,180,Adis Alihodžić,Kompjuterske nauke,Master,2,I godina,15,0,G1
D0099,Mašinsko učenje,LV,2,120,Adisa Bolić,Kompjuterske nauke | Primijenjena matematika,Bachelor,6,III godina,25,1,G1
D0100,Mašinsko učenje,P,2,120,Adis Alihodžić,Kompjuterske nauke | Primijenjena matematika,Bachelor,6,III godina,25,0,G1
D0101,Metodika nastave informatike I,LV,2,120,Daniela Zubović,Nastavnički smjer (matematika i informatika),Bachelor,6,III godina,6,1,G1
D0102,Metodika nastave informatike I,P,3,180,Emin Bešo,Nastavnički smjer (matematika i informatika),Bachelor,6,III godina,6,0,G1
D0103,Metodika nastave informatike II,LV,2,120,Daniela Zubović,Nastavnički smjer (matematika i informatika),Master,2,I godina,8,1,G1
D0104,Metodika nastave informatike II,P,2,120,Dženan Gušić,Nastavnički smjer (matematika i informatika),Master,2,I godina,8,0,G1
D0105,Metodika nastave matematike I,AV,2,120,Džana Drino,Nastavnički smjer (matematika i informatika) | Nastavnički smjer (matematika),Bachelor,6,III godina,13,0,G1
D0106,Metodika nastave matematike I,P,3,180,Dina Kamber Hamzić,Nastavnički smjer (matematika i informatika) | Nastavnički smjer (matematika),Bachelor,6,III godina,13,0,G1
D0107,Metodika nastave matematike II,AV,2,120,Džana Drino,Nastavnički smjer (matematika i informatika) | Nastavnički smjer (matematika),Master,1,I godina,19,0,G1
D0108,Metodika nastave matematike II,P,2,120,Dina Kamber Hamzić,Nastavnički smjer (matematika i informatika) | Nastavnički smjer (matematika),Master,1,I godina,19,0,G1
D0109,Metodika nastave matematike III,AV,2,120,Daniela Zubović,Nastavnički smjer (matematika i informatika) | Nastavnički smjer (matematika),Master,2,I godina,19,0,G1
D0110,Metodika nastave matematike III,P,2,120,Dina Kamber Hamzić,Nastavnički smjer (matematika i informatika) | Nastavnički smjer (matematika),Master,2,I godina,19,0,G1
D0111,Metodička praksa iz informatike u osnovnoj školi,LV,2,120,Daniela Zubović,Nastavnički smjer (matematika i informatika),Master,2,I godina,8,1,G1
D0112,Metodička praksa iz informatike u osnovnoj školi,P,1,60,Emin Bešo,Nastavnički smjer (matematika i informatika),Master,2,I godina,8,0,G1
D0113,Metodička praksa iz informatike u srednjoj školi,LV,3,180,Daniela Zubović,Nastavnički smjer (matematika i informatika),Master,2,I godina,8,1,G1
D0114,Metodička praksa iz informatike u srednjoj školi,P,1,60,Emin Bešo,Nastavnički smjer (matematika i informatika),Master,2,I godina,8,0,G1
D0115,Metodička praksa iz matematike u osnovnoj školi,LV,2,120,Daniela Zubović,Nastavnički smjer (matematika i informatika) | Nastavnički smjer (matematika),Master,1,I godina,19,1,G1
D0116,Metodička praksa iz matematike u osnovnoj školi,P,1,60,Dina Kamber Hamzić,Nastavnički smjer (matematika i informatika) | Nastavnički smjer (matematika),Master,1,I godina,19,0,G1
D0117,Metodička praksa iz matematike u srednjoj školi,LV,2,120,Daniela Zubović,Nastavnički smjer (matematika i informatika) | Nastavnički smjer (matematika),Master,1,I godina,19,1,G1
D0118,Metodička praksa iz matematike u srednjoj školi,P,1,60,Dina Kamber Hamzić,Nastavnički smjer (matematika i informatika) | Nastavnički smjer (matematika),Master,1,I godina,19,0,G1
D0119,Metodička praksa iz matematike u srednjoj školi II,LV,3,180,Daniela Zubović,Nastavnički smjer (matematika),Master,2,I godina,11,1,G1
D0120,Metodička praksa iz matematike u srednjoj školi II,P,1,60,Dina Kamber Hamzić,Nastavnički smjer (matematika),Master,2,I godina,11,0,G1
D0121,Metodologija istraživanja u nastavi,LV,1,60,Zenan Šabanac,Nastavnički smjer (matematika i informatika) | Nastavnički smjer (matematika),Master,3,II godina,10,1,G1
D0122,Metodologija istraživanja u nastavi,P,2,120,Zenan Šabanac,Nastavnički smjer (matematika i informatika) | Nastavnički smjer (matematika),Master,3,II godina,10,0,G1
D0123,Napredne numeričke metode,AV,2,120,Esmir Pilav,Primijenjena matematika,Master,2,I godina,8,0,G1
D0124,Napredne numeričke metode,P,2,120,Esmir Pilav,Primijenjena matematika,Master,2,I godina,8,0,G1
D0125,Napredne statističke metode,AV,2,120,Fikret Čunjalo,Primijenjena matematika,Master,3,II godina,4,0,G1
D0126,Napredne statističke metode,P,2,120,Fikret Čunjalo,Primijenjena matematika,Master,3,II godina,4,0,G1
D0127,Napredni algoritmi i strukture podataka,LV,2,120,Aleksandar Balašev-Samarski,Kompjuterske nauke,Master,2,I godina,15,1,G1
D0128,Napredni algoritmi i strukture podataka,P,3,180,Esmir Pilav,Kompjuterske nauke,Master,2,I godina,15,0,G1
D0129,Nastava matematike za nadarene učenike,AV,2,120,Amil Pečenković,Nastavnički smjer (matematika),Bachelor,5,III godina,7,0,G1
D0130,Nastava matematike za nadarene učenike,P,2,120,Amil Pečenković,Nastavnički smjer (matematika),Bachelor,5,III godina,7,0,G1
D0131,Nelinearna optimizacija,AV,2,120,Emin Bešo,Primijenjena matematika,Master,1,I godina,8,0,G1
D0132,Nelinearna optimizacija,P,3,180,Zenan Šabanac,Primijenjena matematika,Master,1,I godina,8,0,G1
D0133,Nelinearna optimizacija,AV,2,120,Emin Bešo,Opći smjer,Master,3,II godina,3,0,G1
D0134,Nelinearna optimizacija,P,3,180,Zenan Šabanac,Opći smjer,Master,3,II godina,3,0,G1
D0135,Neuronske mreže,LV,2,120,Admir Beširević,Kompjuterske nauke,Master,1,I godina,15,1,G1
D0136,Neuronske mreže,P,3,180,Adis Alihodžić,Kompjuterske nauke,Master,1,I godina,15,0,G1
D0137,Neuronske mreže,LV,2,120,Admir Beširević,Primijenjena matematika,Master,3,II godina,4,1,G1
D0138,Neuronske mreže,P,3,180,Adis Alihodžić,Primijenjena matematika,Master,3,II godina,4,0,G1
D0139,Numerička analiza,LV,2,120,Aleksandra Kostić,Opći smjer | Primijenjena matematika,Bachelor,4,II godina,11,1,G1
D0140,Numerička analiza,P,2,120,Aleksandra Kostić,Opći smjer | Primijenjena matematika,Bachelor,4,II godina,11,0,G1
D0141,Numerička matematika,LV,2,120,Aleksandar Balašev-Samarski,Kompjuterske nauke | Nastavnički smjer (matematika i informatika) | Nastavnički smjer (matematika) | Opći smjer | Primijenjena matematika,Bachelor,3,II godina,67,1,G1
D0142,Numerička matematika,P,2,120,Medina Zubača,Kompjuterske nauke | Nastavnički smjer (matematika i informatika) | Nastavnički smjer (matematika) | Opći smjer | Primijenjena matematika,Bachelor,3,II godina,67,0,G1
D0143,Odabrana poglavlja analize,AV,3,180,Mirza Čvorak,Kompjuterske nauke,Bachelor,3,II godina,40,0,G1
D0144,Odabrana poglavlja analize,P,3,180,Zenan Šabanac,Kompjuterske nauke,Bachelor,3,II godina,40,0,G1
D0145,Odabrana poglavlja geometrije,AV,2,120,Mirza Čvorak,Nastavnički smjer (matematika i informatika) | Nastavnički smjer (matematika) | Opći smjer,Bachelor,6,III godina,17,0,G1
D0146,Odabrana poglavlja geometrije,P,2,120,Manuela Muzika Dizdarević,Nastavnički smjer (matematika i informatika) | Nastavnički smjer (matematika) | Opći smjer,Bachelor,6,III godina,17,0,G1
D0147,Odabrana poglavlja iz pedagogije,AV,1,60,Hasnija Nurković,Nastavnički smjer (matematika i informatika) | Nastavnički smjer (matematika),Master,3,II godina,10,0,G1
D0148,Odabrana poglavlja iz pedagogije,P,2,120,Hasnija Nurković,Nastavnički smjer (matematika i informatika) | Nastavnički smjer (matematika),Master,3,II godina,10,0,G1
D0149,Operaciona istraživanja,AV,2,120,Emin Bešo,Kompjuterske nauke | Primijenjena matematika,Bachelor,5,III godina,25,0,G1
D0150,Operaciona istraživanja,P,3,180,Almasa Odžak,Kompjuterske nauke | Primijenjena matematika,Bachelor,5,III godina,25,0,G1
D0151,Operaciona istraživanja,AV,2,120,Emin Bešo,Nastavnički smjer (matematika i informatika) | Nastavnički smjer (matematika),Master,1,I godina,19,0,G1
D0152,Operaciona istraživanja,P,3,180,Almasa Odžak,Nastavnički smjer (matematika i informatika) | Nastavnički smjer (matematika),Master,1,I godina,19,0,G1
D0153,Operativni sistemi,LV,2,120,Samir Ribić,Kompjuterske nauke,Bachelor,4,II godina,40,1,G1
D0154,Operativni sistemi,P,2,120,Samir Ribić,Kompjuterske nauke,Bachelor,4,II godina,40,0,G1
D0155,Paralelno računanje i optimizacija,LV,2,120,Damir Hasić,Kompjuterske nauke,Master,1,I godina,15,1,G1
D0156,Paralelno računanje i optimizacija,P,3,180,Damir Hasić,Kompjuterske nauke,Master,1,I godina,15,0,G1
D0157,Parcijalne diferencijalne jednadžbe,AV,2,120,Senada Kalabušić,Opći smjer | Primijenjena matematika,Bachelor,4,II godina,11,0,G1
D0158,Parcijalne diferencijalne jednadžbe,P,3,180,Senada Kalabušić,Opći smjer | Primijenjena matematika,Bachelor,4,II godina,11,0,G1
D0159,Parcijalne diferencijalne jednadžbe,AV,2,120,Senada Kalabušić,Nastavnički smjer (matematika),Bachelor,6,III godina,7,0,G1
D0160,Parcijalne diferencijalne jednadžbe,P,3,180,Senada Kalabušić,Nastavnički smjer (matematika),Bachelor,6,III godina,7,0,G1
D0161,Pedagogija,AV,2,120,Hasnija Nurković,Nastavnički smjer (matematika i informatika) | Nastavnički smjer (matematika),Bachelor,5,III godina,13,0,G1
D0162,Pedagogija,P,2,120,Hasnija Nurković,Nastavnički smjer (matematika i informatika) | Nastavnički smjer (matematika),Bachelor,5,III godina,13,0,G1
D0163,Pedagoška psihologija,AV,2,120,Hasnija Nurković,Nastavnički smjer (matematika i informatika) | Nastavnički smjer (matematika),Bachelor,4,II godina,16,0,G1
D0164,Pedagoška psihologija,P,2,120,Hasnija Nurković,Nastavnički smjer (matematika i informatika) | Nastavnički smjer (matematika),Bachelor,4,II godina,16,0,G1
D0165,Primjena računara u nastavi,LV,2,120,Daniela Zubović,Nastavnički smjer (matematika i informatika) | Nastavnički smjer (matematika),Master,1,I godina,19,1,G1
D0166,Primjena računara u nastavi,P,2,120,Dženan Gušić,Nastavnički smjer (matematika i informatika) | Nastavnički smjer (matematika),Master,1,I godina,19,0,G1
D0167,Programiranje I,AV,2,120,Adisa Bolić,Kompjuterske nauke | Nastavnički smjer (matematika i informatika) | Nastavnički smjer (matematika) | Opći smjer | Primijenjena matematika,Bachelor,1,I godina,150,0,G1
D0168,Programiranje I,LV,2,120,Adisa Bolić,Kompjuterske nauke | Nastavnički smjer (matematika i informatika) | Nastavnički smjer (matematika) | Opći smjer | Primijenjena matematika,Bachelor,1,I godina,75,1,G1
D0169,Programiranje I,LV,2,120,Adisa Bolić,Kompjuterske nauke | Nastavnički smjer (matematika i informatika) | Nastavnički smjer (matematika) | Opći smjer | Primijenjena matematika,Bachelor,1,I godina,75,1,G2
D0170,Programiranje I,P,2,120,Elmedin Selmanović,Kompjuterske nauke | Nastavnički smjer (matematika i informatika) | Nastavnički smjer (matematika) | Opći smjer | Primijenjena matematika,Bachelor,1,I godina,150,0,G1
D0171,Programiranje II,AV,2,120,Adisa Bolić,Kompjuterske nauke | Nastavnički smjer (matematika i informatika) | Primijenjena matematika,Bachelor,2,I godina,130,0,G1
D0172,Programiranje II,LV,2,120,Adisa Bolić,Kompjuterske nauke | Nastavnički smjer (matematika i informatika) | Primijenjena matematika,Bachelor,2,I godina,65,1,G1
D0173,Programiranje II,LV,2,120,Adisa Bolić,Kompjuterske nauke | Nastavnički smjer (matematika i informatika) | Primijenjena matematika,Bachelor,2,I godina,65,1,G2
D0174,Programiranje II,P,3,180,Adis Alihodžić,Kompjuterske nauke | Nastavnički smjer (matematika i informatika) | Primijenjena matematika,Bachelor,2,I godina,130,0,G1
D0175,Projektivna geometrija,AV,2,120,Mirza Čvorak,Nastavnički smjer (matematika),Master,1,I godina,11,0,G1
D0176,Projektivna geometrija,P,2,120,Manuela Muzika Dizdarević,Nastavnički smjer (matematika),Master,1,I godina,11,0,G1
D0177,Razvoj softvera,LV,2,120,Vedad Letić,Kompjuterske nauke,Bachelor,5,III godina,20,1,G1
D0178,Razvoj softvera,P,3,180,Damir Hasić,Kompjuterske nauke,Bachelor,5,III godina,20,0,G1
D0179,Razvoj softvera,LV,2,120,Vedad Letić,Nastavnički smjer (matematika i informatika) | Nastavnički smjer (matematika),Master,1,I godina,19,1,G1
D0180,Razvoj softvera,P,3,180,Damir Hasić,Nastavnički smjer (matematika i informatika) | Nastavnički smjer (matematika),Master,1,I godina,19,0,G1
D0181,Računarske mreže,LV,2,120,Kadušić Esada,Kompjuterske nauke | Nastavnički smjer (matematika i informatika),Bachelor,4,II godina,47,1,G1
D0182,Računarske mreže,P,2,120,Esmir Pilav,Kompjuterske nauke | Nastavnički smjer (matematika i informatika),Bachelor,4,II godina,47,0,G1
D0183,Softverski inženjering,AV,2,120,Sead Delalić,Kompjuterske nauke,Master,3,II godina,8,0,G1
D0184,Softverski inženjering,LV,1,60,Sead Delalić,Kompjuterske nauke,Master,3,II godina,8,1,G1
D0185,Softverski inženjering,P,2,120,Sead Delalić,Kompjuterske nauke,Master,3,II godina,8,0,G1
D0186,Statistika I,LV,3,180,Aleksandar Balašev-Samarski,Kompjuterske nauke | Nastavnički smjer (matematika i informatika) | Nastavnički smjer (matematika) | Opći smjer | Primijenjena matematika,Bachelor,4,II godina,67,1,G1
D0187,Statistika I,P,2,120,Fikret Čunjalo,Kompjuterske nauke | Nastavnički smjer (matematika i informatika) | Nastavnički smjer (matematika) | Opći smjer | Primijenjena matematika,Bachelor,4,II godina,67,0,G1
D0188,Statistika II,AV,1,60,Fikret Čunjalo,Primijenjena matematika,Bachelor,6,III godina,5,0,G1
D0189,Statistika II,P,2,120,Fikret Čunjalo,Primijenjena matematika,Bachelor,6,III godina,5,0,G1
D0190,Stohastički procesi,AV,2,120,Amil Pečenković,Primijenjena matematika,Master,2,I godina,8,0,G1
D0191,Stohastički procesi,P,3,180,Amil Pečenković,Primijenjena matematika,Master,2,I godina,8,0,G1
D0192,Strukture podataka i algoritmi,AV,2,120,Admir Beširević,Kompjuterske nauke,Bachelor,3,II godina,40,0,G1
D0193,Strukture podataka i algoritmi,LV,2,120,Admir Beširević,Kompjuterske nauke,Bachelor,3,II godina,40,1,G1
D0194,Strukture podataka i algoritmi,P,3,180,Esmir Pilav,Kompjuterske nauke,Bachelor,3,II godina,40,0,G1
D0195,Teorija brojeva,AV,2,120,Džana Drino,Nastavnički smjer (matematika),Bachelor,6,III godina,7,0,G1
D0196,Teorija brojeva,P,2,120,Dženan Gušić,Nastavnički smjer (matematika),Bachelor,6,III godina,7,0,G1
D0197,Teorija grafova,AV,2,120,Adisa Bolić,Kompjuterske nauke | Opći smjer | Primijenjena matematika,Bachelor,6,III godina,29,0,G1
D0198,Teorija grafova,P,3,180,Damir Hasić,Kompjuterske nauke | Opći smjer | Primijenjena matematika,Bachelor,6,III godina,29,0,G1
D0199,Teorija grafova,AV,2,120,Adisa Bolić,Nastavnički smjer (matematika i informatika) | Nastavnički smjer (matematika),Master,2,I godina,19,0,G1
D0200,Teorija grafova,P,3,180,Damir Hasić,Nastavnički smjer (matematika i informatika) | Nastavnički smjer (matematika),Master,2,I godina,19,0,G1
D0201,Teorija izračunljivosti,AV,2,120,Damir Hasić,Kompjuterske nauke | Opći smjer,Bachelor,4,II godina,45,0,G1
D0202,Teorija izračunljivosti,P,3,180,Damir Hasić,Kompjuterske nauke | Opći smjer,Bachelor,4,II godina,45,0,G1
D0203,Teorija izračunljivosti,AV,2,120,Damir Hasić,Nastavnički smjer (matematika i informatika) | Nastavnički smjer (matematika),Bachelor,6,III godina,13,0,G1
D0204,Teorija izračunljivosti,P,3,180,Damir Hasić,Nastavnički smjer (matematika i informatika) | Nastavnički smjer (matematika),Bachelor,6,III godina,13,0,G1
D0205,Teorija kodiranja i informacija,AV,2,120,Amela Muratović-Ribić,Kompjuterske nauke,Master,1,I godina,15,0,G1
D0206,Teorija kodiranja i informacija,P,3,180,Amela Muratović-Ribić,Kompjuterske nauke,Master,1,I godina,15,0,G1
D0207,Teorija kodiranja i informacija,AV,2,120,Amela Muratović-Ribić,Nastavnički smjer (matematika i informatika) | Nastavnički smjer (matematika) | Opći smjer | Primijenjena matematika,Master,3,II godina,17,0,G1
D0208,Teorija kodiranja i informacija,P,3,180,Amela Muratović-Ribić,Nastavnički smjer (matematika i informatika) | Nastavnički smjer (matematika) | Opći smjer | Primijenjena matematika,Master,3,II godina,17,0,G1
D0209,Teorija mjere i integracije,AV,2,120,Aleksandar Balašev-Samarski,Opći smjer | Primijenjena matematika,Bachelor,6,III godina,9,0,G1
D0210,Teorija mjere i integracije,P,3,180,Zenan Šabanac,Opći smjer | Primijenjena matematika,Bachelor,6,III godina,9,0,G1
D0211,Teorija mjere i integracije,AV,2,120,Aleksandar Balašev-Samarski,Nastavnički smjer (matematika i informatika) | Nastavnički smjer (matematika),Master,2,I godina,19,0,G1
D0212,Teorija mjere i integracije,P,3,180,Zenan Šabanac,Nastavnički smjer (matematika i informatika) | Nastavnički smjer (matematika),Master,2,I godina,19,0,G1
D0213,Teorija skupova,AV,2,120,Mirza Čvorak,Nastavnički smjer (matematika i informatika) | Nastavnički smjer (matematika) | Opći smjer | Primijenjena matematika,Bachelor,3,II godina,27,0,G1
D0214,Teorija skupova,P,2,120,Franjo Šarčević,Nastavnički smjer (matematika i informatika) | Nastavnički smjer (matematika) | Opći smjer | Primijenjena matematika,Bachelor,3,II godina,27,0,G1
D0215,Teorija vjerovatnoće,AV,2,120,Adisa Bolić,Kompjuterske nauke | Nastavnički smjer (matematika i informatika) | Nastavnički smjer (matematika) | Opći smjer | Primijenjena matematika,Bachelor,3,II godina,67,0,G1
D0216,Teorija vjerovatnoće,P,2,120,Fikret Čunjalo,Kompjuterske nauke | Nastavnički smjer (matematika i informatika) | Nastavnički smjer (matematika) | Opći smjer | Primijenjena matematika,Bachelor,3,II godina,67,0,G1
D0217,Topologija,AV,2,120,Franjo Šarčević,Nastavnički smjer (matematika) | Opći smjer | Primijenjena matematika,Bachelor,4,II godina,20,0,G1
D0218,Topologija,P,2,120,Franjo Šarčević,Nastavnički smjer (matematika) | Opći smjer | Primijenjena matematika,Bachelor,4,II godina,20,0,G1
D0219,Uvod u diferencijalnu geometriju,AV,2,120,Amil Pečenković,Nastavnički smjer (matematika i informatika) | Nastavnički smjer (matematika) | Opći smjer,Bachelor,6,III godina,17,0,G1
D0220,Uvod u diferencijalnu geometriju,P,2,120,Amil Pečenković,Nastavnički smjer (matematika i informatika) | Nastavnički smjer (matematika) | Opći smjer,Bachelor,6,III godina,17,0,G1
D0221,Uvod u funkcionalnu analizu,AV,2,120,Džana Drino,Opći smjer | Primijenjena matematika,Bachelor,6,III godina,9,0,G1
D0222,Uvod u funkcionalnu analizu,P,2,120,Nacima Memić,Opći smjer | Primijenjena matematika,Bachelor,6,III godina,9,0,G1
D0223,Uvod u funkcionalnu analizu,AV,2,120,Džana Drino,Nastavnički smjer (matematika i informatika) | Nastavnički smjer (matematika),Master,2,I godina,19,0,G1
D0224,Uvod u funkcionalnu analizu,P,2,120,Nacima Memić,Nastavnički smjer (matematika i informatika) | Nastavnički smjer (matematika),Master,2,I godina,19,0,G1
D0225,Uvod u kompjutersku geometriju,LV,2,120,Adisa Bolić,Kompjuterske nauke,Bachelor,6,III godina,20,1,G1
D0226,Uvod u kompjutersku geometriju,P,2,120,Esmir Pilav,Kompjuterske nauke,Bachelor,6,III godina,20,0,G1
D0227,Uvod u kompjutersku geometriju,LV,2,120,Adisa Bolić,Nastavnički smjer (matematika i informatika) | Nastavnički smjer (matematika),Master,2,I godina,19,1,G1
D0228,Uvod u kompjutersku geometriju,P,2,120,Esmir Pilav,Nastavnički smjer (matematika i informatika) | Nastavnički smjer (matematika),Master,2,I godina,19,0,G1
D0229,Uvod u matematiku,AV,2,120,Daniela Zubović,Kompjuterske nauke | Nastavnički smjer (matematika i informatika) | Nastavnički smjer (matematika) | Opći smjer | Primijenjena matematika,Bachelor,1,I godina,150,0,G1
D0230,Uvod u matematiku,P,3,180,Dženan Gušić,Kompjuterske nauke | Nastavnički smjer (matematika i informatika) | Nastavnički smjer (matematika) | Opći smjer | Primijenjena matematika,Bachelor,1,I godina,150,0,G1
D0231,Uvod u matematičko modeliranje,AV,1,60,Medina Zubača,Nastavnički smjer (matematika) | Primijenjena matematika,Bachelor,6,III godina,12,0,G1
D0232,Uvod u matematičko modeliranje,P,2,120,Medina Zubača,Nastavnički smjer (matematika) | Primijenjena matematika,Bachelor,6,III godina,12,0,G1
D0233,Vještačka inteligencija,LV,2,120,Kemal Altwlkany,Kompjuterske nauke,Master,2,I godina,15,1,G1
D0234,Vještačka inteligencija,P,2,120,Sead Delalić,Kompjuterske nauke,Master,2,I godina,15,0,G1
D0235,Web programiranje,LV,2,120,Skopljaković Selma,Kompjuterske nauke | Nastavnički smjer (matematika i informatika),Bachelor,5,III godina,26,1,G1
D0236,Web programiranje,P,2,120,Sead Delalić,Kompjuterske nauke | Nastavnički smjer (matematika i informatika),Bachelor,5,III godina,26,0,G1
D0237,Web programiranje,LV,2,120,Skopljaković Selma,Nastavnički smjer (matematika),Master,1,I godina,11,1,G1
D0238,Web programiranje,P,2,120,Sead Delalić,Nastavnički smjer (matematika),Master,1,I godina,11,0,G1
